{"cameraMode":{"drawMode":0,"name":"Shaded","section":"Shading Mode"},"sceneLighting":true,"audioPlay":false,"sceneViewState":{"m_AlwaysRefresh":false,"showFog":true,"showSkybox":true,"showFlares":true,"showImageEffects":true,"showParticleSystems":true,"showVisualEffectGraphs":true,"m_FxEnabled":true},"in2DMode":false,"pivot":{"x":24.823455810546876,"y":-2.8358521461486818,"z":2.826986312866211},"rotation":{"x":-0.04700044170022011,"y":-0.5706201195716858,"z":0.03273797780275345,"w":-0.8192161917686462},"size":35.840362548828128,"orthographic":false}